tweets,user,corordinate,place,id,len,date,likes,retweets
Recent activity by prosecutors and FBI agents shows that they have cast a wide net as they collect evidence about L‚Ä¶ https://t.co/SS0EiZhz6B,The New York Times,,,1197348939168714752,140,2019-11-21 03:00:07,19,8
"RT @andrewlavallee: Susan Choi won the National Book Award for fiction on Wednesday for her novel ""Trust Exercise,"" while Sarah M. Broom wo‚Ä¶",The New York Times,,,1197346653100859392,140,2019-11-21 02:51:02,0,6
"45 minutes into tonight's #DemDebate, Elizabeth Warren has spoken the most of any candidate, followed by Joe Biden,‚Ä¶ https://t.co/QgrvWZjsaM",The New York Times,,,1197345431094747143,140,2019-11-21 02:46:11,135,57
"Watch tonight's Democratic debate with real-time analysis and commentary from @maggieNYT, @AsteadWesley, @llerer,‚Ä¶ https://t.co/IGgCWlQVvT",The New York Times,,,1197343887590862850,138,2019-11-21 02:40:03,20,3
"Here are the key moments from the testimonies of Gordon Sondland, Laura Cooper and David Hale in Wednesday‚Äôs impeac‚Ä¶ https://t.co/nWeerRXtUE",The New York Times,,,1197342640821460994,140,2019-11-21 02:35:05,55,16
"""Bernie Sanders has got to be fuming that Warren gets the first question about health care,"" @melbournecoal says.‚Ä¶ https://t.co/4RaiuK1uWf",The New York Times,,,1197340770333839360,138,2019-11-21 02:27:39,102,18
"20 minutes into the #DemDebate and Elizabeth Warren has spoken for almost twice as long as any other candidate.

Fo‚Ä¶ https://t.co/UDqWA0fFlC",The New York Times,,,1197339019438366720,140,2019-11-21 02:20:42,263,97
"The first question of the #demdebate is on the impeachment inquiry of President Trump, and @AsteadWesley says how E‚Ä¶ https://t.co/lIe3ePuVZf",The New York Times,,,1197337640737103872,140,2019-11-21 02:15:13,68,19
"With 10 candidates sharing the stage at tonight‚Äôs #DemDebate, who will get the most speaking time? Follow along in‚Ä¶ https://t.co/epBCWAwk78",The New York Times,,,1197335167200845825,139,2019-11-21 02:05:23,70,31
"Our journalists are analyzing tonight‚Äôs Democratic debate in real-time. Join @MaggieNYT, @AsteadWesley, @llerer,‚Ä¶ https://t.co/OMCMYewW2k",The New York Times,,,1197334335742984192,137,2019-11-21 02:02:05,52,22
"It's almost time for tonight's #DemDebate, and we'll be covering it live. 

üí°Here's your guide to the action:‚Ä¶ https://t.co/coCP5PNojo",The New York Times,,,1197332576026988547,134,2019-11-21 01:55:06,77,20
‚ÄúEveryone was in the loop.‚Äù Listen to highlights from Gordon Sondland‚Äôs testimony at this morning‚Äôs public hearing‚Ä¶ https://t.co/zoES58aqfV,The New York Times,,,1197331317882544128,139,2019-11-21 01:50:06,175,62
"The lack of local news in the U.S. has frayed communities and left many Americans woefully uninformed, a new report‚Ä¶ https://t.co/7pzd1WFGxG",The New York Times,,,1197330059843055621,140,2019-11-21 01:45:06,496,260
10 Democratic presidential candidates are set to take the debate stage tonight in Atlanta. Here's everything you ne‚Ä¶ https://t.co/9b5OsA6wze,The New York Times,,,1197327538319745025,140,2019-11-21 01:35:05,59,20
"Hundreds of New York State prisoners were locked in cells, denied release or removed from programs when tests erron‚Ä¶ https://t.co/o3VtJOXCYU",The New York Times,,,1197325021489881088,140,2019-11-21 01:25:05,128,76
"‚ÄúI just think I got a second chance at life. I can‚Äôt change things. I got to just keep on going.‚Äù

Luis Calvillo su‚Ä¶ https://t.co/0DzA2AP9yV",The New York Times,,,1197322517188358144,140,2019-11-21 01:15:07,234,58
"Lt. Col. Alexander Vindman and his family have had to ‚Äúexamine options, including potentially moving onto a militar‚Ä¶ https://t.co/X1HSM0b9Ds",The New York Times,,,1197319983975587842,140,2019-11-21 01:05:03,1363,651
RT @nytimesbooks: We‚Äôre here at the National Book Award! Check this thread to keep up with all the winners.,The New York Times,,,1197316212465848320,107,2019-11-21 00:50:04,0,49
"We asked readers what issues they wanted to hear more about in the Democratic debates, and one issue stood out amon‚Ä¶ https://t.co/qoh0TxErxQ",The New York Times,,,1197314974948958209,140,2019-11-21 00:45:09,193,53
"RT @AsteadWesley: In ATL for debate. Earlier, spoke w/ Deval Patrick + Julian Castro, who said he plans to stay in race. He is looking to t‚Ä¶",The New York Times,,,1197313681735987201,140,2019-11-21 00:40:01,0,11
tweets,user,corordinate,place,id,len,date,likes,retweets
"An hour into tonight's 2-hour #DemDebate, Elizabeth Warren has spoken the most, followed by Pete Buttigieg and Amy‚Ä¶ https://t.co/DqGfoTqeSR",The New York Times,,,1197350421037232128,139,2019-11-21 03:06:00,74,27
Recent activity by prosecutors and FBI agents shows that they have cast a wide net as they collect evidence about L‚Ä¶ https://t.co/SS0EiZhz6B,The New York Times,,,1197348939168714752,140,2019-11-21 03:00:07,112,43
"RT @andrewlavallee: Susan Choi won the National Book Award for fiction on Wednesday for her novel ""Trust Exercise,"" while Sarah M. Broom wo‚Ä¶",The New York Times,,,1197346653100859392,140,2019-11-21 02:51:02,0,10
"45 minutes into tonight's #DemDebate, Elizabeth Warren has spoken the most of any candidate, followed by Joe Biden,‚Ä¶ https://t.co/QgrvWZjsaM",The New York Times,,,1197345431094747143,140,2019-11-21 02:46:11,167,69
"Watch tonight's Democratic debate with real-time analysis and commentary from @maggieNYT, @AsteadWesley, @llerer,‚Ä¶ https://t.co/IGgCWlQVvT",The New York Times,,,1197343887590862850,138,2019-11-21 02:40:03,20,3
"Here are the key moments from the testimonies of Gordon Sondland, Laura Cooper and David Hale in Wednesday‚Äôs impeac‚Ä¶ https://t.co/nWeerRXtUE",The New York Times,,,1197342640821460994,140,2019-11-21 02:35:05,58,17
"""Bernie Sanders has got to be fuming that Warren gets the first question about health care,"" @melbournecoal says.‚Ä¶ https://t.co/4RaiuK1uWf",The New York Times,,,1197340770333839360,138,2019-11-21 02:27:39,106,18
"20 minutes into the #DemDebate and Elizabeth Warren has spoken for almost twice as long as any other candidate.

Fo‚Ä¶ https://t.co/UDqWA0fFlC",The New York Times,,,1197339019438366720,140,2019-11-21 02:20:42,269,99
"The first question of the #demdebate is on the impeachment inquiry of President Trump, and @AsteadWesley says how E‚Ä¶ https://t.co/lIe3ePuVZf",The New York Times,,,1197337640737103872,140,2019-11-21 02:15:13,72,22
"With 10 candidates sharing the stage at tonight‚Äôs #DemDebate, who will get the most speaking time? Follow along in‚Ä¶ https://t.co/epBCWAwk78",The New York Times,,,1197335167200845825,139,2019-11-21 02:05:23,75,34
"Our journalists are analyzing tonight‚Äôs Democratic debate in real-time. Join @MaggieNYT, @AsteadWesley, @llerer,‚Ä¶ https://t.co/OMCMYewW2k",The New York Times,,,1197334335742984192,137,2019-11-21 02:02:05,55,22
"It's almost time for tonight's #DemDebate, and we'll be covering it live. 

üí°Here's your guide to the action:‚Ä¶ https://t.co/coCP5PNojo",The New York Times,,,1197332576026988547,134,2019-11-21 01:55:06,79,20
‚ÄúEveryone was in the loop.‚Äù Listen to highlights from Gordon Sondland‚Äôs testimony at this morning‚Äôs public hearing‚Ä¶ https://t.co/zoES58aqfV,The New York Times,,,1197331317882544128,139,2019-11-21 01:50:06,179,65
"The lack of local news in the U.S. has frayed communities and left many Americans woefully uninformed, a new report‚Ä¶ https://t.co/7pzd1WFGxG",The New York Times,,,1197330059843055621,140,2019-11-21 01:45:06,512,271
10 Democratic presidential candidates are set to take the debate stage tonight in Atlanta. Here's everything you ne‚Ä¶ https://t.co/9b5OsA6wze,The New York Times,,,1197327538319745025,140,2019-11-21 01:35:05,59,20
"Hundreds of New York State prisoners were locked in cells, denied release or removed from programs when tests erron‚Ä¶ https://t.co/o3VtJOXCYU",The New York Times,,,1197325021489881088,140,2019-11-21 01:25:05,131,77
"‚ÄúI just think I got a second chance at life. I can‚Äôt change things. I got to just keep on going.‚Äù

Luis Calvillo su‚Ä¶ https://t.co/0DzA2AP9yV",The New York Times,,,1197322517188358144,140,2019-11-21 01:15:07,237,58
"Lt. Col. Alexander Vindman and his family have had to ‚Äúexamine options, including potentially moving onto a militar‚Ä¶ https://t.co/X1HSM0b9Ds",The New York Times,,,1197319983975587842,140,2019-11-21 01:05:03,1419,670
RT @nytimesbooks: We‚Äôre here at the National Book Award! Check this thread to keep up with all the winners.,The New York Times,,,1197316212465848320,107,2019-11-21 00:50:04,0,50
"We asked readers what issues they wanted to hear more about in the Democratic debates, and one issue stood out amon‚Ä¶ https://t.co/qoh0TxErxQ",The New York Times,,,1197314974948958209,140,2019-11-21 00:45:09,194,54
